[
  {
    "id": "T128",
    "fromAccount": "AC008",
    "toAccount": "AC010",
    "amount": 500,
    "currency": "INR",
    "description": "Sample",
    "status": "ACCEPTED",
    "createdAt": "2025-07-03T10:35:38.209Z"
  },
  {
    "id": "T127",
    "fromAccount": "AC010",
    "toAccount": "AC009",
    "amount": 500,
    "currency": "EUR",
    "description": "testing",
    "status": "ACCEPTED",
    "createdAt": "2025-07-03T10:35:14.426Z",
    "acceptedAt": "2025-07-03T10:47:15.168Z",
    "acceptedBy": "checker"
  },
  {
    "id": "T126",
    "fromAccount": "AC001",
    "toAccount": "AC002",
    "amount": 10000,
    "currency": "INR",
    "description": "Sample",
    "status": "ACCEPTED",
    "createdAt": "2025-07-03T10:33:35.616Z",
    "acceptedAt": "2025-07-03T10:33:52.278Z",
    "acceptedBy": "checker"
  },
  {
    "id": "T125",
    "fromAccount": "AC001",
    "toAccount": "AC002",
    "amount": 100,
    "currency": "INR",
    "description": "Test",
    "status": "ACCEPTED",
    "createdAt": "2025-07-03T10:33:16.304Z"
  },
  {
    "id": "T124",
    "fromAccount": "AC003",
    "toAccount": "AC002",
    "amount": 100,
    "currency": "USD",
    "description": "Sample1",
    "status": "ACCEPTED",
    "createdAt": "2025-07-03T10:15:23.516Z",
    "acceptedAt": "2025-07-03T10:31:48.702Z",
    "acceptedBy": "checker"
  },
  {
    "id": "T123",
    "fromAccount": "AC001",
    "toAccount": "AC002",
    "amount": 200,
    "currency": "USD",
    "description": "Test",
    "status": "DELETED",
    "createdAt": "2025-07-03T10:14:59.275Z"
  },
  {
    "id": "T122",
    "fromAccount": "AC001",
    "toAccount": "AC002",
    "amount": 100,
    "currency": "USD",
    "description": "sample",
    "status": "DELETED",
    "createdAt": "2025-07-03T10:14:18.887Z"
  },
  {
    "id": "T121",
    "refId": "123",
    "fromAccount": "AC001",
    "toAccount": "AC010",
    "amount": 200,
    "currency": "INR",
    "description": "Sample",
    "createdBy": "maker",
    "status": "DELETE",
    "createdAt": "2025-07-02T10:12:12.024Z"
  },
  {
    "id": "T120",
    "refId": "123",
    "fromAccount": "AC003",
    "toAccount": "AC002",
    "amount": 1000,
    "currency": "USD",
    "description": "Test",
    "createdBy": "maker",
    "status": "DELETE",
    "createdAt": "2025-07-02T10:11:53.786Z"
  },
  {
    "id": "T119",
    "refId": "123",
    "fromAccount": "AC001",
    "toAccount": "AC002",
    "amount": 100,
    "currency": "INR",
    "description": "Test",
    "createdBy": "maker",
    "status": "ACCEPTED",
    "createdAt": "2025-07-02T06:22:55.615Z",
    "acceptedAt": "2025-07-02T07:23:59.785Z",
    "acceptedBy": "checker"
  },
  {
    "id": "T118",
    "refId": "123",
    "fromAccount": "AC010",
    "toAccount": "AC003",
    "amount": 230,
    "currency": "EUR",
    "description": "Sample Test",
    "createdBy": "maker",
    "status": "ACCEPTED",
    "createdAt": "2025-07-02T03:42:01.470Z",
    "acceptedAt": "2025-07-02T03:42:40.047Z",
    "acceptedBy": "checker"
  },
  {
    "id": "T117",
    "refId": "123",
    "fromAccount": "AC001",
    "toAccount": "AC010",
    "amount": 501,
    "currency": "INR",
    "description": "Test",
    "createdBy": "maker",
    "status": "REJECTED",
    "createdAt": "2025-07-01T05:17:59.407Z",
    "rejectedAt": "2025-07-02T04:46:41.052Z",
    "rejectedBy": "checker",
    "rejectionReason": "NA"
  },
  {
    "id": "T116",
    "refId": "123",
    "fromAccount": "AC002",
    "toAccount": "AC010",
    "amount": 320,
    "currency": "INR",
    "description": "Test",
    "createdBy": "maker",
    "status": "ACCEPTED",
    "createdAt": "2025-07-01T05:17:34.639Z",
    "acceptedAt": "2025-07-02T06:18:00.846Z",
    "acceptedBy": "checker"
  },
  {
    "id": "T115",
    "refId": "123",
    "fromAccount": "AC003",
    "toAccount": "AC002",
    "amount": 1000,
    "currency": "USD",
    "description": "test1",
    "createdBy": "maker",
    "status": "ACCEPTED",
    "createdAt": "2025-07-01T04:00:58.757Z",
    "acceptedAt": "2025-07-02T07:24:20.603Z",
    "acceptedBy": "checker"
  },
  {
    "id": "T101",
    "refId": "123",
    "fromAccount": "AC001",
    "toAccount": "AC002",
    "amount": 1000,
    "currency": "INR",
    "description": "Sample1",
    "status": "REJECTED",
    "createdAt": "2025-06-26T09:50:47.226Z",
    "createdBy": "maker",
    "rejectedAt": "2025-06-26T09:51:15.137Z",
    "rejectedBy": "checker",
    "rejectionReason": "No funds"
  },
  {
    "id": "T102",
    "refId": "123",
    "fromAccount": "AC002",
    "toAccount": "AC003",
    "amount": 500,
    "currency": "USD",
    "description": "Sample2",
    "status": "ACCEPTED",
    "createdAt": "2025-06-26T09:53:52.298Z",
    "createdBy": "maker",
    "acceptedAt": "2025-06-26T09:54:00.678Z",
    "acceptedBy": "checker"
  },
  {
    "id": "T103",
    "refId": "123",
    "fromAccount": "AC003",
    "toAccount": "AC003",
    "amount": 5000,
    "currency": "USD",
    "description": "Sample3",
    "status": "REJECTED",
    "createdAt": "2025-06-26T10:33:40.750Z",
    "createdBy": "maker",
    "rejectedAt": "2025-06-26T10:34:05.238Z",
    "rejectedBy": "checker",
    "rejectionReason": "Self account transfer not allowed"
  },
  {
    "id": "T104",
    "refId": "123",
    "fromAccount": "AC003",
    "toAccount": "AC004",
    "amount": 500,
    "currency": "USD",
    "description": "Sample 4",
    "status": "REJECTED",
    "createdAt": "2025-06-26T10:47:14.886Z",
    "createdBy": "maker",
    "rejectedAt": "2025-06-26T10:48:05.621Z",
    "rejectedBy": "checker",
    "rejectionReason": "You are broke"
  },
  {
    "id": "T105",
    "refId": "123",
    "fromAccount": "AC005",
    "toAccount": "AC003",
    "amount": 1000,
    "currency": "USD",
    "description": "sample 5",
    "status": "REJECTED",
    "createdAt": "2025-06-27T03:43:00.405Z",
    "createdBy": "maker",
    "rejectedAt": "2025-06-27T03:46:58.419Z",
    "rejectedBy": "checker",
    "rejectionReason": "No funds"
  },
  {
    "id": "T106",
    "refId": "123",
    "fromAccount": "AC001",
    "toAccount": "AC002",
    "amount": 100,
    "currency": "INR",
    "description": "Sample",
    "status": "REJECTED",
    "createdAt": "2025-06-27T03:45:59.334Z",
    "createdBy": "maker",
    "rejectedAt": "2025-06-27T03:46:49.530Z",
    "rejectedBy": "checker",
    "rejectionReason": "No funds"
  },
  {
    "id": "T107",
    "refId": "123",
    "fromAccount": "AC003",
    "toAccount": "AC002",
    "amount": 100,
    "currency": "INR",
    "description": "Sample 4",
    "status": "REJECTED",
    "createdAt": "2025-06-27T03:46:14.979Z",
    "createdBy": "maker",
    "rejectedAt": "2025-06-27T03:46:39.791Z",
    "rejectedBy": "checker",
    "rejectionReason": "No funds"
  },
  {
    "id": "T108",
    "refId": "123",
    "fromAccount": "AC002",
    "toAccount": "AC002",
    "amount": 2000,
    "currency": "INR",
    "description": "sample",
    "status": "REJECTED",
    "createdAt": "2025-06-27T03:53:19.968Z",
    "createdBy": "maker",
    "rejectedAt": "2025-06-27T03:54:46.227Z",
    "rejectedBy": "checker",
    "rejectionReason": "No funds"
  },
  {
    "id": "T109",
    "refId": "123",
    "fromAccount": "AC001",
    "toAccount": "AC006",
    "amount": 1000,
    "currency": "YEN",
    "description": "sample",
    "status": "REJECTED",
    "createdAt": "2025-06-27T04:49:51.691Z",
    "createdBy": "maker",
    "rejectedAt": "2025-06-27T04:52:30.690Z",
    "rejectedBy": "checker",
    "rejectionReason": "No funds"
  },
  {
    "id": "T110",
    "refId": "123",
    "fromAccount": "AC003",
    "toAccount": "AC008",
    "amount": 900,
    "currency": "EUR",
    "description": "Sample",
    "status": "REJECTED",
    "createdAt": "2025-06-27T04:50:14.094Z",
    "createdBy": "maker",
    "rejectedAt": "2025-06-27T04:52:20.708Z",
    "rejectedBy": "checker",
    "rejectionReason": "I feel like doing it"
  },
  {
    "id": "T111",
    "refId": "123",
    "fromAccount": "AC002",
    "toAccount": "AC003",
    "amount": 200,
    "currency": "PKR",
    "description": "Sample",
    "status": "REJECTED",
    "createdAt": "2025-06-27T04:50:37.325Z",
    "createdBy": "maker",
    "rejectedAt": "2025-06-27T04:51:55.580Z",
    "rejectedBy": "checker",
    "rejectionReason": "I want to increase the rows in rejected tab"
  },
  {
    "id": "T112",
    "refId": "123",
    "fromAccount": "AC001",
    "toAccount": "AC010",
    "amount": 1000,
    "currency": "USD",
    "description": "Sample",
    "status": "REJECTED",
    "createdAt": "2025-06-27T04:51:06.636Z",
    "createdBy": "maker",
    "rejectedAt": "2025-06-27T04:51:33.251Z",
    "rejectedBy": "checker",
    "rejectionReason": "I dont want to accept it"
  },
  {
    "id": "T113",
    "refId": "123",
    "fromAccount": "AC001",
    "toAccount": "AC002",
    "amount": 200,
    "currency": "INR",
    "description": "Sample Test",
    "status": "DELETED",
    "createdAt": "2025-06-27T10:54:47.187Z",
    "createdBy": "maker"
  },
  {
    "id": "T114",
    "refId": "123",
    "fromAccount": "AC001",
    "toAccount": "AC002",
    "amount": 100,
    "currency": "USD",
    "description": "Test",
    "status": "ACCEPTED",
    "createdAt": "2025-06-27T10:56:31.832Z",
    "createdBy": "maker",
    "acceptedAt": "2025-06-30T08:16:22.693Z",
    "acceptedBy": "checker"
  }
]